컷,장면,화면,대사 · 자막
1,S#1,"한강 다리 난간에 기대 선 양복 입은 너구리, 해질녘, 스마트폰 숫자 -84,000,000원 클로즈업","(혼잣말) 미쳤네, 진짜."
2,S#1-1,"검찰청 복도, 서류 파일을 든 무표정한 검사","당신이 무너지는 걸, 그냥 지켜보게요."
3,S#2,너구리가 난간을 넘어 뒤로 떨어짐. 표지판의 상담 전화번호가 바람에 흔들림,"아, 진짜 얄밉네, 저 인간."
4,S#3,"암흑 속에 떠 있는 너구리 앞에 갓 쓴 저승사자(인턴 명찰), 청록 퀘스트 창",성공하면 마이너스 8천4백만 원이 사라진다.
5,S#3,저승사자가 손가락을 튕기고 빛이 터지며 너구리가 빨려 들어감,대신 와이파이도 없어.
6,S#4,"1602 암스테르담 놀이터 세트, 비닐 운하, 합판 풍차, 모래 위에서 깨어나는 너구리",(자막) 암스테르담 (※ 대전)
7,S#5,"창구 줄, 동전 주머니를 올린 하녀 뒤에서 시드머니를 올리는 너구리",나도 배의 주인이 될 수 있다잖아요.
8,S#6,펼친 빈 책에 저 혼자 반듯한 글씨가 써지고 빨간 줄이 그어짐,(자막) 띄어쓰기 틀렸습니다.
9,S#7-8,"튤립 구근이 말하는 순간(스태프가 입으로 연기), 경매장 침묵",(자막) 저는 그냥 양파입니다.
10,S#9,"런던 사과나무 아래 뉴턴이 사과를 맞음, 안개","오, 인지도 있다!"
11,S#10,"구두닦이 소년이 손님에게 주식을 권함, 1929 재즈","손님, 저도 어제 주식 하나 샀어요."
12,S#11,"1987 객장, 전광판이 붉은 숫자로 쏟아짐",월요일이 문제예요!
13,S#12,"2000 PER 8,000배 시세판, 너구리가 숫자를 읽음",진짜인 거랑 지금 사도 되는 건 다른 질문이잖아요.
14,S#13,"서브프라임 샌드위치를 든 직원, 리먼 로비의 상자를 든 사람들",속이 뭔지는 저희도 몰라요.
15,S#13,"빚 0원 창에 환호하는 너구리, 곧바로 붉게 바뀌는 숨겨진 퀘스트 창",(목소리) 넌 확신을 의심하지 못해서 뛰어내렸다.
16,S#14,서울 여의도에서 처음 보는 검사 몰빵이와 악수를 청하는 너구리,처음 뵙겠습니다.
17,S#15,골판지 우주선 앞에 줄을 선 시민들,안 가면 환불은 없습니다.
18,S#15,"창에 \'진짜 반전\' 문구, 허공의 목소리","나야, 나. 미래의 김너굴."
19,S#16,"의자에 바퀴 단 자동차 줄, 낙타 탈을 쓴 스태프",휘발유 말고 저 타세요.
20,S#17,"몸 없이 시야만 있는 너구리, 도쿄 거리를 걷는 몰빵이",저 여기 있어요! 제 말 안 들려요?!
21,S#17,너구리와 검사의 시야가 겹치며 둘이 같은 입으로 말함,나라가 나빠진 게 아니야.
22,S#19,"상하이 객장, 택시 기사가 집값 이야기를 함",저희 배우가 네 명입니다.
23,S#20,"로 은행 복사기, 모니터에 \'토너 부족\', 지폐 A4 용지 날림",(복사기) 삑.
24,S#20,"너구리 정장 속의 검사와 검사 정장 속의 너구리, 몸이 바뀜",털이 있습니다. / 꼬리는 원래 있어요. 흔드세요.
25,S#20,지폐 다발을 바라보는 너구리 몸 속 몰빵이의 번들거리는 눈,"한 방에 다 걸면, 어떻게 됩니까."
26,S#21,"노벨상 메달을 건 천재 네 명, 칠판에 수식",우주가 생기고 한 번도 없을 확률입니다.
27,S#22,"코인 치킨집, 백서 첫 장부터 고양이 그림",백서에 고양이가 있어요.
28,S#23,"서버실 천장에 매달린 종이 닻 모형, 줄이 끊어짐",배가 닻을 자기 자신한테 묶었어요.
29,S#24,도쿄·서울 전광판이 붉게 번지고 서킷브레이커 발동,월요일 그만 탓해요.
30,S#24,"붉은 창 \'2026년 6월 19일 17시 12분, 한강 다리\'","여기서부턴, 내가 아는 곳이야."
31,S#25,"증권사 객장, 하이닉스 매수 버튼을 누르는 과거의 너구리와 몸 없는 현재의 너구리",야! 사지 마! 사지 말라고!
32,S#25,"관측자의 목소리가 안 닿는 과거의 너구리, 무표정한 검사의 옆얼굴",이번엔 지켜보지 않겠습니다.
33,S#26,"검사가 서류 가방을 떨어뜨리고 119에 전화, 난간 앞에 선 과거의 너구리",지켜보러 온 게 아닙니다. 곁에 있으러 왔습니다.
34,S#26,"검사가 코트 자락을 붙잡았다가 놓침, 너구리가 난간 너머로",너굴 씨!
35,S#27,"낙하 슬로 모션, 스마트폰 숫자가 멀어짐, 시야가 몸속으로 들어감",(자막) 관측자 → 실행자
36,S#28,낙하 중 갓이 벗겨지며 드러나는 미래의 너구리(눈 밑 거뭇함),인턴이었지.
37,S#28,미래의 너구리가 지폐 조각으로 사라지고 갓에 \'인턴\' 글자,나는 네가 쓰지 못한 마지막 조문이야. 네가 써.
38,S#28,"낙하 잔여시간 0.6초, 너구리가 팔을 뻗음","살고 싶다고! 나, 아직 안 끝났어!"
39,S#29,"한강 수면, 순찰정 라이트, 구조대원 네 명",저희 배우가 네 명입니다.
40,S#29,다리 위에서 찢어진 코트로 외치는 검사,5분 걸렸습니다! 5분이요!
41,S#30,"병실, 의자에서 졸다 깨는 검사","지켜보고 있었습니다. 아니, 곁에 있었습니다."
42,S#31,벤치에서 한 권의 노트에 두 개의 필체로 쓰는 두 사람,주식법전(우리). / 괄호는 빼십시오.
43,S#32,"엔딩 크레딧 뒤 구르는 갓, 새 퀘스트 창 \'부동산 편\', 로딩 99%",…싫습니다.
