01_void_reaper	https://s15-kling.klingai.com/kimg/EMXN1y8qfQoGdXBsb2FkEg55bGFiLXN0dW50LXNncBpjS2xpbmdBSV9Lb2xvcnNfS29sb3JzLXYzXzAtb21uaS12Mi1pMmktc3ItdmFlX2RfX2FmYWUzMjJhXzQ1MGUyYWFjMGM2Nzg5YWJjYzk1M2NmMjJhMTBiOWRiZGowb2sucG5n.origin?x-kcdn-pid=112372
02_playground	https://s15-kling.klingai.com/kimg/EMXN1y8qfQoGdXBsb2FkEg55bGFiLXN0dW50LXNncBpjS2xpbmdBSV9Lb2xvcnNfS29sb3JzLXYzXzAtb21uaS12Mi1pMmktc3ItdmFlX2RfXzY3YzBkNjBkX2YyMjhhYjAxYjRkM2RmM2Q5OGUwNTU2N2Y1YzgwM2RmMHlxNjIucG5n.origin?x-kcdn-pid=112372
03_queue	https://s15-kling.klingai.com/kimg/EMXN1y8qfQoGdXBsb2FkEg55bGFiLXN0dW50LXNncBpjS2xpbmdBSV9Lb2xvcnNfS29sb3JzLXYzXzAtb21uaS12Mi1pMmktc3ItdmFlX2RfX2FlOGU1NmE4X2EwZjhiZDk0NTQzMjc5NDQ4NmM0ODk4NTdkNmFhOGE4YnZvbDEucG5n.origin?x-kcdn-pid=112372
04_book	https://s15-kling.klingai.com/kimg/EMXN1y8qfQoGdXBsb2FkEg55bGFiLXN0dW50LXNncBpjS2xpbmdBSV9Lb2xvcnNfS29sb3JzLXYzXzAtb21uaS12Mi1pMmktc3ItdmFlX2RfX2U4YjU0MGU2XzYxMGQwYWI1NjY1YjUyNWY0YjJlYmU2YjkwYWRlZmIyNmduanEucG5n.origin?x-kcdn-pid=112372
05_tulip	https://s15-kling.klingai.com/kimg/EMXN1y8qfQoGdXBsb2FkEg55bGFiLXN0dW50LXNncBpjS2xpbmdBSV9Lb2xvcnNfS29sb3JzLXYzXzAtb21uaS12Mi1pMmktc3ItdmFlX2RfX2ZiNTgzZWQxXzkxOGY1NjI3M2M2OGQ2YjBkMGExNzEyNzYxYzc2N2ZmdWM5cmYucG5n.origin?x-kcdn-pid=112372
06_newton	https://s15-kling.klingai.com/kimg/EMXN1y8qfQoGdXBsb2FkEg55bGFiLXN0dW50LXNncBpjS2xpbmdBSV9Lb2xvcnNfS29sb3JzLXYzXzAtb21uaS12Mi1pMmktc3ItdmFlX2RfXzQ0YTZlMjE2X2NlY2JhZDlkM2Y2MDE5N2E2ODhjNjMzYmUyMjg2Zjk1c3N5bTIucG5n.origin?x-kcdn-pid=112372
07_board	https://s16-kling.klingai.com/kimg/EMXN1y8qfQoGdXBsb2FkEg55bGFiLXN0dW50LXNncBpjS2xpbmdBSV9Lb2xvcnNfS29sb3JzLXYzXzAtb21uaS12Mi1pMmktc3ItdmFlX2RfXzE2NjNkMmI5XzQ1YmNlYjNiYWUzZDNkN2Q0MDc1YWI5MjVkMGE5YzQ1dWU5cGoucG5n.origin?x-kcdn-pid=112372
08_sandwich	https://s15-kling.klingai.com/kimg/EMXN1y8qfQoGdXBsb2FkEg55bGFiLXN0dW50LXNncBpjS2xpbmdBSV9Lb2xvcnNfS29sb3JzLXYzXzAtb21uaS12Mi1pMmktc3ItdmFlX2RfX2JkZTYxYTczXzhiMzNiZGMxZTY1NTMzNzg3YjlkMzcyYmE4YTk0NjU0dmFnd2EucG5n.origin?x-kcdn-pid=112372
04_book_redo	https://s15-kling.klingai.com/kimg/EMXN1y8qfQoGdXBsb2FkEg55bGFiLXN0dW50LXNncBpjS2xpbmdBSV9Lb2xvcnNfS29sb3JzLXYzXzAtb21uaS12Mi1pMmktc3ItdmFlX2RfXzhjYzI5ODYwXzU4MGQyNWMyZGUzMmE2MDliNjM0YWQzOGMwZWU2NGEybzVqb3AucG5n.origin?x-kcdn-pid=112372
09_handshake	https://s15-kling.klingai.com/kimg/EMXN1y8qfQoGdXBsb2FkEg55bGFiLXN0dW50LXNncBpjS2xpbmdBSV9Lb2xvcnNfS29sb3JzLXYzXzAtb21uaS12Mi1pMmktc3ItdmFlX2RfX2MwNWMzMjNlX2JiOWNlYmEyYjY1NmY2YzVhMGFlN2ZjN2E1M2EyNDJkdG1sYXQucG5n.origin?x-kcdn-pid=112372
10_spaceship_queue	https://s15-kling.klingai.com/kimg/EMXN1y8qfQoGdXBsb2FkEg55bGFiLXN0dW50LXNncBpjS2xpbmdBSV9Lb2xvcnNfS29sb3JzLXYzXzAtb21uaS12Mi1pMmktc3ItdmFlX2RfXzVmMTdlZmMwXzU2ZDUzMDFjMDVhYzgxZTdlNGNmNTExZGFjMjM3YTcwdDBtbTMucG5n.origin?x-kcdn-pid=112372
11_tokyo_ghosts	https://s15-kling.klingai.com/kimg/EMXN1y8qfQoGdXBsb2FkEg55bGFiLXN0dW50LXNncBpjS2xpbmdBSV9Lb2xvcnNfS29sb3JzLXYzXzAtb21uaS12Mi1pMmktc3ItdmFlX2RfX2Q5ZjY5MTVmXzAyOGIzNWI4YTBmMjljYjU2Nzk0MjNmZDY5Nzk3MTQwdng3cXcucG5n.origin?x-kcdn-pid=112372
12_copier	https://s15-kling.klingai.com/kimg/EMXN1y8qfQoGdXBsb2FkEg55bGFiLXN0dW50LXNncBpjS2xpbmdBSV9Lb2xvcnNfS29sb3JzLXYzXzAtb21uaS12Mi1pMmktc3ItdmFlX2RfXzRlYzk3MTVjXzViNzE1MWM4ZGU0Y2QxYjZhOGIwZWI0NDc2YmFmY2M3Nmd4MzkucG5n.origin?x-kcdn-pid=112372
13_breaker	https://s15-kling.klingai.com/kimg/EMXN1y8qfQoGdXBsb2FkEg55bGFiLXN0dW50LXNncBpjS2xpbmdBSV9Lb2xvcnNfS29sb3JzLXYzXzAtb21uaS12Mi1pMmktc3ItdmFlX2RfXzMxMTMzMjViXzU0NmY4YTJjMzZlNmM3OTYxOWUwZTgwYzJiNzAzZjM4MHhjM28ucG5n.origin?x-kcdn-pid=112372
15_fall_mentor	https://s15-kling.klingai.com/kimg/EMXN1y8qfQoGdXBsb2FkEg55bGFiLXN0dW50LXNncBpjS2xpbmdBSV9Lb2xvcnNfS29sb3JzLXYzXzAtb21uaS12Mi1pMmktc3ItdmFlX2RfXzM5NGU0N2FhX2YyYjdjNDY3NTdhZGU5ZWRiZDIyMDQ1M2IzZWY5NzlhNDJqcHAucG5n.origin?x-kcdn-pid=112372
14_bridge	https://s15-kling.klingai.com/kimg/EMXN1y8qfQoGdXBsb2FkEg55bGFiLXN0dW50LXNncBpjS2xpbmdBSV9Lb2xvcnNfS29sb3JzLXYzXzAtb21uaS12Mi1pMmktc3ItdmFlX2RfX2ZjYzU2NTZiX2RjMjYwN2VkYzdiN2I0MmI2OWUzYTNmZjJiYWJhNzM5ZXAxb28ucG5n.origin?x-kcdn-pid=112372
16_bench	https://s15-kling.klingai.com/kimg/EMXN1y8qfQoGdXBsb2FkEg55bGFiLXN0dW50LXNncBpjS2xpbmdBSV9Lb2xvcnNfS29sb3JzLXYzXzAtb21uaS12Mi1pMmktc3ItdmFlX2RfX2M2Y2IzZmE3Xzg4OGIwZGRlOGJjMmIzNzgyNjMzOGU3Y2FmNGQ2YjQweG4yajQucG5n.origin?x-kcdn-pid=112372
